Name,Slug,Collection ID,Item ID,Created On,Updated On,Published On,Thumbnail Image,Photos and Text,Description
Yellow Sunset,art,636c09130271e543a2f07ad5,636c09130271e580f7f07b29,Thu Oct 01 2015 22:11:05 GMT+0000 (Coordinated Universal Time),Thu Sep 08 2016 18:50:50 GMT+0000 (Coordinated Universal Time),Thu Nov 10 2022 21:13:06 GMT+0000 (Coordinated Universal Time),https://uploads-ssl.webflow.com/636c09130271e5344ef07acc/636c09130271e510bdf07b84_photo-1433155327100-12aac6a14ff1-square700.jpg,"<figure data-rt-type=""image"" data-rt-align=""fullwidth"" data-rt-max-width=""100"" class=""w-richtext-align-fullwidth"" data-rt-max-height=""56.25"" style=""max-width: 100%;""><div><img src=""https://uploads-ssl.webflow.com/636c09130271e5344ef07acc/636c09130271e55c67f07b75_photo-1433155327100-12aac6a14ff1.jpg""></div></figure><figure data-rt-type=""image"" data-rt-align=""fullwidth"" data-rt-max-width=""100"" class=""w-richtext-align-fullwidth"" data-rt-max-height=""56.25"" style=""max-width: 100%;""><div><img src=""https://uploads-ssl.webflow.com/636c09130271e5344ef07acc/636c09130271e504d5f07ae9_photo-1433890070408-084b6b305d72.jpg""></div></figure>","<p>Sed at nisl eu nunc placerat sodales a sit amet ante. Duis erat enim, molestie vitae suscipit in, faucibus quis tellus. Mauris nec ullamcorper nisl. Aliquam eget tempor enim. Maecenas sit amet sodales augue. Suspendisse porttitor euismod scelerisque. Duis vulputate enim nec sodales consequat. Sed interdum, velit id pulvinar varius, metus elit pretium ex, ut rhoncus lorem lorem vitae sapien. Etiam venenatis tristique lacus et pretium. Proin nec fermentum augue, eu porta felis. Vestibulum nec tincidunt est, quis molestie erat. Nam cursus velit justo, eu porta nisl porttitor in. Cras vitae feugiat purus. Aenean et facilisis est. Donec vehicula tortor eget gravida aliquam.</p>"
Macaw Feathers,blue,636c09130271e543a2f07ad5,636c09130271e5163cf07b26,Thu Oct 01 2015 22:17:57 GMT+0000 (Coordinated Universal Time),Thu Sep 08 2016 18:50:52 GMT+0000 (Coordinated Universal Time),Thu Nov 10 2022 21:13:06 GMT+0000 (Coordinated Universal Time),https://uploads-ssl.webflow.com/636c09130271e5344ef07acc/636c09130271e5ae52f07b81_photo-1428184003419-4cfd6ab3d280-square700.jpg,"<figure data-rt-type=""image"" data-rt-align=""fullwidth"" data-rt-max-width=""100"" class=""w-richtext-align-fullwidth"" data-rt-max-height=""56.25"" style=""max-width: 100%;""><div><img src=""https://uploads-ssl.webflow.com/636c09130271e5344ef07acc/636c09130271e5846af07b8d_photo-1428184003419-4cfd6ab3d280.jpg""></div></figure><figure data-rt-type=""image"" data-rt-align=""fullwidth"" data-rt-max-width=""100"" class=""w-richtext-align-fullwidth"" data-rt-max-height=""56.25"" style=""max-width: 100%;""><div><img src=""https://uploads-ssl.webflow.com/636c09130271e5344ef07acc/636c09130271e5d3cef07b71_photo-1413977886085-3bbbf9a7cf6e.jpg""></div></figure>","<p>Nam porta sodales sodales. Aliquam condimentum neque ut dui convallis finibus vitae eu mauris. Nunc nisi purus, imperdiet nec tempus mattis, luctus vitae dui. Vivamus eget ipsum massa. In luctus purus vitae vestibulum posuere. Etiam cursus elit id ultrices egestas. Proin in dictum lacus. Aenean sagittis turpis vitae erat dignissim mattis. Praesent faucibus venenatis mattis. Aliquam erat volutpat. Nunc tincidunt urna leo. Lorem ipsum dolor sit amet, consectetur adipiscing elit. In hac habitasse platea dictumst. Duis sit amet molestie neque, sed congue nisl.</p>"
Clouds over Ranier,city,636c09130271e543a2f07ad5,636c09130271e54fd8f07b2c,Thu Oct 01 2015 22:19:46 GMT+0000 (Coordinated Universal Time),Thu Sep 08 2016 18:50:48 GMT+0000 (Coordinated Universal Time),Thu Nov 10 2022 21:13:06 GMT+0000 (Coordinated Universal Time),https://uploads-ssl.webflow.com/636c09130271e5344ef07acc/636c09130271e5351af07aea_photo-1416934625760-d56f5e79f6fe-square700.jpg,"<figure data-rt-type=""image"" data-rt-align=""fullwidth"" data-rt-max-width=""100"" class=""w-richtext-align-fullwidth"" data-rt-max-height=""56.25"" style=""max-width: 100%;""><div><img src=""https://uploads-ssl.webflow.com/636c09130271e5344ef07acc/636c09130271e5c6def07b6e_photo-1416934625760-d56f5e79f6fe.jpg""></div><figcaption>Mt Ranier</figcaption></figure><figure data-rt-type=""image"" data-rt-align=""fullwidth"" data-rt-max-width=""100"" class=""w-richtext-align-fullwidth"" data-rt-max-height=""56.25"" style=""max-width: 100%;""><div><img src=""https://uploads-ssl.webflow.com/636c09130271e5344ef07acc/636c09130271e5d3cef07b71_photo-1413977886085-3bbbf9a7cf6e.jpg""></div><figcaption>Orange Desert</figcaption></figure>","<p>Nam porta sodales sodales. Aliquam condimentum neque ut dui convallis finibus vitae eu mauris. Nunc nisi purus, imperdiet nec tempus mattis, luctus vitae dui. Vivamus eget ipsum massa. In luctus purus vitae vestibulum posuere. Etiam cursus elit id ultrices egestas. Proin in dictum lacus. Aenean sagittis turpis vitae erat dignissim mattis. Praesent faucibus venenatis mattis. Aliquam erat volutpat. Nunc tincidunt urna leo. Lorem ipsum dolor sit amet, consectetur adipiscing elit. In hac habitasse platea dictumst. Duis sit amet molestie neque, sed congue nisl.</p>"
Burning Clouds,coast,636c09130271e543a2f07ad5,636c09130271e5806cf07b2b,Thu Oct 01 2015 22:16:59 GMT+0000 (Coordinated Universal Time),Thu Sep 08 2016 18:50:47 GMT+0000 (Coordinated Universal Time),Thu Nov 10 2022 21:13:06 GMT+0000 (Coordinated Universal Time),https://uploads-ssl.webflow.com/636c09130271e5344ef07acc/636c09130271e50b9ff07b7e_photo-1444090542259-0af8fa96557e-square700.jpg,"<figure data-rt-type=""image"" data-rt-align=""fullwidth"" data-rt-max-width=""100"" class=""w-richtext-align-fullwidth"" data-rt-max-height=""56.25"" style=""max-width: 100%;""><div><img src=""https://uploads-ssl.webflow.com/636c09130271e5344ef07acc/636c09130271e51595f07ae3_photo-1433268692728-cf766bc932ce.jpg""></div></figure>","<p>Quisque luctus, urna ut egestas ornare, velit erat tristique massa, eget sollicitudin massa turpis ut nisl. Cras iaculis mollis neque, eget maximus nunc imperdiet ut. Quisque malesuada id eros sit amet molestie. Sed tristique elit ac velit commodo fermentum. Duis finibus eu ipsum non vehicula. Vestibulum condimentum interdum pharetra. Nunc aliquam, erat id aliquam maximus, mauris risus tincidunt massa, eu accumsan est metus ac massa. Maecenas eget orci quis lacus imperdiet semper. Nunc non ipsum justo. Aenean enim nulla, euismod in diam id, egestas tempus orci. Suspendisse iaculis est in tortor venenatis pulvinar. Aliquam non neque dui. Phasellus suscipit fringilla tortor, id rhoncus dolor pretium ut. Nunc placerat ante nec convallis porta. Sed convallis felis a urna ullamcorper, et gravida ante consequat.</p>"
Blue Foam,dog,636c09130271e543a2f07ad5,636c09130271e517b7f07b28,Thu Oct 01 2015 22:10:11 GMT+0000 (Coordinated Universal Time),Thu Sep 08 2016 18:50:51 GMT+0000 (Coordinated Universal Time),Thu Nov 10 2022 21:13:06 GMT+0000 (Coordinated Universal Time),https://uploads-ssl.webflow.com/636c09130271e5344ef07acc/636c09130271e5dc93f07b8a_photo-1441906363162-903afd0d3d52-square700.jpg,"<figure data-rt-type=""image"" data-rt-align=""fullwidth"" data-rt-max-width=""100"" class=""w-richtext-align-fullwidth"" data-rt-max-height=""56.25"" style=""max-width: 100%;""><div><img src=""https://uploads-ssl.webflow.com/636c09130271e5344ef07acc/636c09130271e5885df07ae0_photo-1441906363162-903afd0d3d52.jpg""></div></figure>","<p>Lorem ipsum dolor sit amet, consectetur adipiscing elit. Maecenas quis aliquet erat. Lorem ipsum dolor sit amet, consectetur adipiscing elit. Pellentesque rhoncus orci ac nisi bibendum, in fringilla quam fringilla. Duis efficitur sollicitudin lectus, a tempor augue gravida sed. In hac habitasse platea dictumst. Vivamus consequat, quam vel posuere fermentum, dui ante cursus purus, sed iaculis massa nibh et purus. Curabitur nec lacus sit amet risus posuere consequat quis suscipit mi. Nunc et quam pharetra, condimentum dui ac, placerat purus. Phasellus quis porta metus. Phasellus neque arcu, varius ac magna sed, fermentum ultrices lectus. Vivamus ut condimentum neque. Mauris rutrum ullamcorper nibh a elementum. Etiam pretium odio diam, sit amet dapibus orci gravida vel. Vivamus augue lorem, ultricies ac nisl sit amet, fringilla tempus magna.</p>"
Red Wall,lift,636c09130271e543a2f07ad5,636c09130271e50d4ff07b2a,Thu Oct 01 2015 22:10:24 GMT+0000 (Coordinated Universal Time),Thu Sep 08 2016 18:50:53 GMT+0000 (Coordinated Universal Time),Thu Nov 10 2022 21:13:06 GMT+0000 (Coordinated Universal Time),https://uploads-ssl.webflow.com/636c09130271e5344ef07acc/636c09130271e5cae6f07b6f_photo-1436397543931-01c4a5162bdb-square700.jpg,"<figure data-rt-type=""image"" data-rt-align=""fullwidth"" data-rt-max-width=""100"" class=""w-richtext-align-fullwidth"" data-rt-max-height=""56.25"" style=""max-width: 100%;""><div><img src=""https://uploads-ssl.webflow.com/636c09130271e5344ef07acc/636c09130271e5cf5ff07ae2_photo-1436397543931-01c4a5162bdb.jpg""></div></figure>","<p>Morbi lacinia felis enim, imperdiet fermentum lacus dignissim sed. Pellentesque pretium mauris id est dignissim pellentesque. Phasellus vitae justo ligula. Aliquam aliquam ipsum justo, sed venenatis est imperdiet vel. Sed cursus vel diam non hendrerit. Vestibulum eu leo vitae turpis ullamcorper tincidunt in sit amet dui. Ut at dolor velit. Donec turpis dui, iaculis vel nisi id, porta pellentesque tortor. Cras venenatis viverra elit, vitae placerat augue fermentum et. Nullam in consequat leo, vel cursus justo. Nullam consectetur tortor eget sapien dictum vulputate. Etiam varius mi nibh, ut molestie odio tristique a. Integer vel auctor tortor, id molestie elit.</p>"
Pool Ripples,night,636c09130271e543a2f07ad5,636c09130271e55c49f07b25,Thu Oct 01 2015 22:15:44 GMT+0000 (Coordinated Universal Time),Thu Sep 08 2016 18:50:47 GMT+0000 (Coordinated Universal Time),Thu Nov 10 2022 21:13:06 GMT+0000 (Coordinated Universal Time),https://uploads-ssl.webflow.com/636c09130271e5344ef07acc/636c09130271e54c96f07add_photo-1432251407527-504a6b4174a2-square700.jpg,"<figure data-rt-type=""image"" data-rt-align=""fullwidth"" data-rt-max-width=""100"" class=""w-richtext-align-fullwidth"" data-rt-max-height=""56.25"" style=""max-width: 100%;""><div><img src=""https://uploads-ssl.webflow.com/636c09130271e5344ef07acc/636c09130271e5ff1bf07b7c_photo-1432251407527-504a6b4174a2.jpg""></div></figure>","<p>Lorem ipsum dolor sit amet, consectetur adipiscing elit. Maecenas quis aliquet erat. Lorem ipsum dolor sit amet, consectetur adipiscing elit. Pellentesque rhoncus orci ac nisi bibendum, in fringilla quam fringilla. Duis efficitur sollicitudin lectus, a tempor augue gravida sed. In hac habitasse platea dictumst. Vivamus consequat, quam vel posuere fermentum, dui ante cursus purus, sed iaculis massa nibh et purus. Curabitur nec lacus sit amet risus posuere consequat quis suscipit mi. Nunc et quam pharetra, condimentum dui ac, placerat purus. Phasellus quis porta metus. Phasellus neque arcu, varius ac magna sed, fermentum ultrices lectus. Vivamus ut condimentum neque. Mauris rutrum ullamcorper nibh a elementum. Etiam pretium odio diam, sit amet dapibus orci gravida vel. Vivamus augue lorem, ultricies ac nisl sit amet, fringilla tempus magna.</p>"
Silence,play,636c09130271e543a2f07ad5,636c09130271e567aaf07b24,Thu Oct 01 2015 22:10:43 GMT+0000 (Coordinated Universal Time),Thu Sep 08 2016 18:50:54 GMT+0000 (Coordinated Universal Time),Thu Nov 10 2022 21:13:06 GMT+0000 (Coordinated Universal Time),https://uploads-ssl.webflow.com/636c09130271e5344ef07acc/636c09130271e5245ff07b70_photo-1433245437947-a0595ee87118-square700.jpg,"<figure data-rt-type=""image"" data-rt-align=""fullwidth"" data-rt-max-width=""100"" class=""w-richtext-align-fullwidth"" data-rt-max-height=""56.25"" style=""max-width: 100%;""><div><img src=""https://uploads-ssl.webflow.com/636c09130271e5344ef07acc/636c09130271e5f4f1f07b42_photo-1433245437947-a0595ee87118.jpg""></div></figure>","<p>Quisque luctus, urna ut egestas ornare, velit erat tristique massa, eget sollicitudin massa turpis ut nisl. Cras iaculis mollis neque, eget maximus nunc imperdiet ut. Quisque malesuada id eros sit amet molestie. Sed tristique elit ac velit commodo fermentum. Duis finibus eu ipsum non vehicula. Vestibulum condimentum interdum pharetra. Nunc aliquam, erat id aliquam maximus, mauris risus tincidunt massa, eu accumsan est metus ac massa. Maecenas eget orci quis lacus imperdiet semper. Nunc non ipsum justo. Aenean enim nulla, euismod in diam id, egestas tempus orci. Suspendisse iaculis est in tortor venenatis pulvinar. Aliquam non neque dui. Phasellus suscipit fringilla tortor, id rhoncus dolor pretium ut. Nunc placerat ante nec convallis porta. Sed convallis felis a urna ullamcorper, et gravida ante consequat.</p>"
White Frost,together,636c09130271e543a2f07ad5,636c09130271e55996f07b27,Thu Oct 01 2015 22:18:58 GMT+0000 (Coordinated Universal Time),Thu Sep 08 2016 18:50:47 GMT+0000 (Coordinated Universal Time),Thu Nov 10 2022 21:13:06 GMT+0000 (Coordinated Universal Time),https://uploads-ssl.webflow.com/636c09130271e5344ef07acc/636c09130271e5d569f07b93_photo-1427955569621-3e494de2b1d2-square700.jpg,"<figure data-rt-type=""image"" data-rt-align=""fullwidth"" data-rt-max-width=""100"" class=""w-richtext-align-fullwidth"" data-rt-max-height=""56.25"" style=""max-width: 100%;""><div><img src=""https://uploads-ssl.webflow.com/636c09130271e5344ef07acc/636c09130271e521acf07b1f_photo-1427955569621-3e494de2b1d2.jpg""></div></figure><figure data-rt-type=""image"" data-rt-align=""fullwidth"" data-rt-max-width=""100"" class=""w-richtext-align-fullwidth"" data-rt-max-height=""56.25"" style=""max-width: 100%;""><div><img src=""https://uploads-ssl.webflow.com/636c09130271e5344ef07acc/636c09130271e5846af07b8d_photo-1428184003419-4cfd6ab3d280.jpg""></div></figure>","<p>Sed at nisl eu nunc placerat sodales a sit amet ante. Duis erat enim, molestie vitae suscipit in, faucibus quis tellus. Mauris nec ullamcorper nisl. Aliquam eget tempor enim. Maecenas sit amet sodales augue. Suspendisse porttitor euismod scelerisque. Duis vulputate enim nec sodales consequat. Sed interdum, velit id pulvinar varius, metus elit pretium ex, ut rhoncus lorem lorem vitae sapien. Etiam venenatis tristique lacus et pretium. Proin nec fermentum augue, eu porta felis. Vestibulum nec tincidunt est, quis molestie erat. Nam cursus velit justo, eu porta nisl porttitor in. Cras vitae feugiat purus. Aenean et facilisis est. Donec vehicula tortor eget gravida aliquam.</p>"
